cmd,n_projects,share_projects,n_total
_all,17,0.004453759496987163,61
_byoptnotallowed,3,7.859575582918522e-4,5
_cons,8,0.002095886822111606,247
_cons],12,0.003143830233167409,106
_crcslbl,3,7.859575582918522e-4,111
_diparm,4,0.001047943411055803,30
_dots,4,0.001047943411055803,27
_error,3,7.859575582918522e-4,4
_estimates,5,0.0013099292638197536,24
_eststo,4,0.001047943411055803,69
_fv_check_depvar,4,0.001047943411055803,6
_get_diopts,5,0.0013099292638197536,14
_pctile,217,0.056850930049777315,1397
_post_vce_rank,3,7.859575582918522e-4,5
_predict,4,0.001047943411055803,31
_regress,6,0.0015719151165837044,58
_rmcoll,3,7.859575582918522e-4,15
_rmcollright,3,7.859575582918522e-4,11
_strip_labels,4,0.001047943411055803,5
-,15,0.0039297877914592615,133
;,59,0.015457165313073094,466
!,76,0.01991092481006026,849
!chmod,5,0.0013099292638197536,128
!convert,4,0.001047943411055803,10
!cp,13,0.0034058160859313596,76
!date,4,0.001047943411055803,10
!del,6,0.0015719151165837044,34
!dir,4,0.001047943411055803,7
!echo,4,0.001047943411055803,9
!epstopdf,18,0.004715745349751114,310
!erase,6,0.0015719151165837044,39
!gunzip,14,0.0036678019386953103,196
!gzip,16,0.004191773644223212,261
!matlab,9,0.002357872674875557,31
!mkdir,13,0.0034058160859313596,152
!mv,11,0.002881844380403458,48
!pdflatex,4,0.001047943411055803,46
!perl,3,7.859575582918522e-4,19
!ps2pdf,7,0.0018339009693476552,49
!rm,45,0.011789363374377783,275
!rmdir,8,0.002095886822111606,14
!sed,4,0.001047943411055803,8
!st,3,7.859575582918522e-4,5
!unzip,6,0.0015719151165837044,35
.,18,0.004715745349751114,136
),4,0.001047943411055803,4
},3151,0.8255174220592087,279205
};,12,0.003143830233167409,299
*,215,0.05632695834424941,987
**,44,0.011527377521613832,354
***,43,0.011265391668849881,135
****,6,0.0015719151165837044,24
*****,10,0.0026198585276395073,13
******,3,7.859575582918522e-4,6
***********,3,7.859575582918522e-4,8
************,3,7.859575582918522e-4,5
****************,5,0.0013099292638197536,6
*****************,3,7.859575582918522e-4,4
**********************,3,7.859575582918522e-4,4
**************************,3,7.859575582918522e-4,3
****************************,3,7.859575582918522e-4,4
*****************************,3,7.859575582918522e-4,5
*******************************,5,0.0013099292638197536,24
***********************************,5,0.0013099292638197536,6
************************************************,4,0.001047943411055803,5
*************************************************,4,0.001047943411055803,7
***************************************************,3,7.859575582918522e-4,14
****************************************************,3,7.859575582918522e-4,3
*****************************************************,4,0.001047943411055803,5
**********************************************************,3,7.859575582918522e-4,3
************************************************************,4,0.001047943411055803,7
*******************************************************************,3,7.859575582918522e-4,3
**********************************************************************,3,7.859575582918522e-4,4
***********************************************************************,5,0.0013099292638197536,6
*************************************************************************,3,7.859575582918522e-4,3
**************************************************************************,3,7.859575582918522e-4,11
****************************************************************************,4,0.001047943411055803,4
*****************************************************************************,3,7.859575582918522e-4,3
******************************************************************************,9,0.002357872674875557,18
*******************************************************************************,5,0.0013099292638197536,21
********************************************************************************,39,0.010217448257794078,220
*********************************************************************************,7,0.0018339009693476552,8
************************************************************************************,3,7.859575582918522e-4,8
***************************************************************************************,3,7.859575582918522e-4,4
*******************************************************************************************,3,7.859575582918522e-4,3
********************************************************************************************,3,7.859575582918522e-4,4
************************************************************************************************,3,7.859575582918522e-4,3
**************************************************************************************************,3,7.859575582918522e-4,3
********************************************************************************************************,3,7.859575582918522e-4,3
************************************************************************************************************************************,4,0.001047943411055803,4
*/,39,0.010217448257794078,57
*cd,5,0.0013099292638197536,29
*Create,4,0.001047943411055803,8
*do,6,0.0015719151165837044,10
*drop,5,0.0013099292638197536,5
*end,7,0.0018339009693476552,22
*End,3,7.859575582918522e-4,5
*END,5,0.0013099292638197536,24
*erase,4,0.001047943411055803,6
*exit,3,7.859575582918522e-4,17
*gen,9,0.002357872674875557,13
*generate,3,7.859575582918522e-4,3
*global,3,7.859575582918522e-4,8
*graph,3,7.859575582918522e-4,3
*keep,4,0.001047943411055803,4
*local,5,0.0013099292638197536,9
*log,16,0.004191773644223212,53
*outreg2,4,0.001047943411055803,9
*replace,8,0.002095886822111606,15
*save,6,0.0015719151165837044,8
*This,6,0.0015719151165837044,8
*use,4,0.001047943411055803,5
/,13,0.0034058160859313596,15
/*,42,0.01100340581608593,60
//,40,0.010479434110558029,64
////////////////////////////////////////////////////////////////////////////////,3,7.859575582918522e-4,7
\,12,0.003143830233167409,850
&,6,0.0015719151165837044,8
%,4,0.001047943411055803,29
`cmd',8,0.002095886822111606,66
`command',10,0.0026198585276395073,18
`do1',3,7.859575582918522e-4,28
`dofile'.do]}},4,0.001047943411055803,192
`getfile',3,7.859575582918522e-4,7
`lhs',3,7.859575582918522e-4,5
`log',3,7.859575582918522e-4,15
`qui',3,7.859575582918522e-4,3
`r,4,0.001047943411055803,6
`reg',5,0.0013099292638197536,10
`regcmd',3,7.859575582918522e-4,5
`regtype',3,7.859575582918522e-4,39
`var',6,0.0015719151165837044,30
`vv',3,7.859575582918522e-4,30
`x',4,0.001047943411055803,7
`y',3,7.859575582918522e-4,70
^,7,0.0018339009693476552,41
^2,4,0.001047943411055803,18
+,13,0.0034058160859313596,49
=,3,7.859575582918522e-4,6
|,4,0.001047943411055803,112
||,4,0.001047943411055803,6
$,18,0.004715745349751114,755
0,8,0.002095886822111606,69
1,186,0.04872936861409484,1129
1.,6,0.0015719151165837044,6
2,3,7.859575582918522e-4,5
2.,7,0.0018339009693476552,7
3,4,0.001047943411055803,5
3.,3,7.859575582918522e-4,3
4,3,7.859575582918522e-4,3
8,4,0.001047943411055803,4
a,8,0.002095886822111606,18
A,12,0.003143830233167409,31
A=,4,0.001047943411055803,11
a2,4,0.001047943411055803,24
a2group,3,7.859575582918522e-4,3
a2reg,7,0.0018339009693476552,113
a3,3,7.859575582918522e-4,16
a4,3,7.859575582918522e-4,15
a5,3,7.859575582918522e-4,13
abeclean,3,7.859575582918522e-4,26
abematch,4,0.001047943411055803,5
about,3,7.859575582918522e-4,4
acreg,21,0.005501702908042965,641
addstat,4,0.001047943411055803,501
addtotable,3,7.859575582918522e-4,68
adjust,10,0.0026198585276395073,158
adjust_inflation,3,7.859575582918522e-4,24
ado,42,0.01100340581608593,83
adopath,182,0.047681425203039036,3151
adopath+,5,0.0013099292638197536,60
adoupdate,4,0.001047943411055803,9
age,4,0.001047943411055803,13
Age,3,7.859575582918522e-4,8
all,4,0.001047943411055803,11
All,8,0.002095886822111606,8
alpha,19,0.004977731202515065,118
altrdrobust,5,0.0013099292638197536,112
ameans,3,7.859575582918522e-4,11
and,8,0.002095886822111606,23
anova,12,0.003143830233167409,69
aorder,56,0.014671207754781241,325
app,4,0.001047943411055803,13
append,1765,0.4624050301283731,25518
appendfile,4,0.001047943411055803,126
appendmodels,4,0.001047943411055803,59
are,3,7.859575582918522e-4,4
areg,1074,0.2813728058684831,32183
args,231,0.06051873198847262,1152
arima,7,0.0018339009693476552,31
as,4,0.001047943411055803,10
asarray,3,7.859575582918522e-4,31
asclogit,8,0.002095886822111606,65
asdf,4,0.001047943411055803,4
asdoc,3,7.859575582918522e-4,59
asgen,4,0.001047943411055803,46
asser,3,7.859575582918522e-4,4
assert,434,0.11370186009955463,15708
at,3,7.859575582918522e-4,4
attk,3,7.859575582918522e-4,14
avg_effect,9,0.002357872674875557,94
avplot,30,0.007859575582918523,129
b,9,0.002357872674875557,21
B,6,0.0015719151165837044,10
b1,4,0.001047943411055803,6
b1x2,4,0.001047943411055803,15
b2,5,0.0013099292638197536,6
b3,3,7.859575582918522e-4,4
b4,3,7.859575582918522e-4,4
bacondecomp,4,0.001047943411055803,12
balancetable,7,0.0018339009693476552,27
baltest,3,7.859575582918522e-4,3
bartik_weight,5,0.0013099292638197536,29
basic_assertion,4,0.001047943411055803,690
beep,4,0.001047943411055803,6
beta,5,0.0013099292638197536,10
bins,3,7.859575582918522e-4,9
binscatter,165,0.043227665706051875,999
binscatter2,3,7.859575582918522e-4,15
binsreg,5,0.0013099292638197536,16
biprobit,10,0.0026198585276395073,48
bitest,9,0.002357872674875557,157
bitesti,5,0.0013099292638197536,44
boot,4,0.001047943411055803,15
bootstrap,10,0.0026198585276395073,96
boottest,57,0.014933193607545192,2159
bootwildct,5,0.0013099292638197536,94
br,70,0.018339009693476554,403
break,8,0.002095886822111606,21
breaks,4,0.001047943411055803,19
brl,3,7.859575582918522e-4,53
bro,5,0.0013099292638197536,168
brow,3,7.859575582918522e-4,6
browse,59,0.015457165313073094,328
bs,5,0.0013099292638197536,10
bsample,214,0.05606497249148546,922
bsqreg,12,0.003143830233167409,154
bstat,30,0.007859575582918523,243
bstrap,6,0.0015719151165837044,47
build_recode_template,4,0.001047943411055803,805
bunch_count,5,0.0013099292638197536,113
bunching,3,7.859575582918522e-4,17
by,6,0.0015719151165837044,39
byhist,3,7.859575582918522e-4,13
c,6,0.0015719151165837044,26
C,6,0.0015719151165837044,40
c_local,4,0.001047943411055803,9
C=st_data,7,0.0018339009693476552,22
c1,3,7.859575582918522e-4,4
c2,3,7.859575582918522e-4,7
cap,54,0.01414723604925334,1411
capt,23,0.006025674613570867,367
capture,78,0.020434896515588157,311
carryforward,66,0.01729106628242075,481
catenate,4,0.001047943411055803,27
catplot,10,0.0026198585276395073,27
cd,1881,0.49279538904899134,21543
cd\,4,0.001047943411055803,56
cdfplot,31,0.008121561435682474,126
cem,12,0.003143830233167409,102
center,34,0.008907518993974326,565
centile,117,0.030652344773382238,1257
cf,4,0.001047943411055803,30
cgmreg,35,0.009169504846738277,1290
cgmwildboot,26,0.006811632171862719,521
char,91,0.023840712601519518,854
charlson,5,0.0013099292638197536,20
chdir,5,0.0013099292638197536,171
check,3,7.859575582918522e-4,4
checkdta,5,0.0013099292638197536,120
ci,45,0.011789363374377783,693
ci2,5,0.0013099292638197536,29
cibar,21,0.005501702908042965,129
cii,4,0.001047943411055803,14
ciplot,4,0.001047943411055803,23
clean,6,0.0015719151165837044,48
clean_data,5,0.0013099292638197536,13
clean_up,5,0.0013099292638197536,462
clean2,3,7.859575582918522e-4,15
cleanup,3,7.859575582918522e-4,6
clear,3212,0.8414985590778098,56534
clear;,6,0.0015719151165837044,29
clear*,10,0.0026198585276395073,50
clogit,67,0.0175530521351847,584
cloglog,3,7.859575582918522e-4,35
clonevar,52,0.013623264343725438,470
close,6,0.0015719151165837044,37
cls,38,0.00995546240503013,250
clttest,3,7.859575582918522e-4,28
cluster,11,0.002881844380403458,42
cluster2,12,0.003143830233167409,135
clustermat,3,7.859575582918522e-4,3
clustse,7,0.0018339009693476552,204
cmogram,5,0.0013099292638197536,28
cmp,7,0.0018339009693476552,215
cnreg,7,0.0018339009693476552,66
cnsreg,23,0.006025674613570867,109
codebook,222,0.05816085931359707,2136
coeffs,3,7.859575582918522e-4,18
coefplot,232,0.06078071784123657,1723
col`colnum',5,0.0013099292638197536,1889
col1,14,0.0036678019386953103,457
col10,4,0.001047943411055803,19
col2,14,0.0036678019386953103,502
col3,12,0.003143830233167409,445
col4,12,0.003143830233167409,393
col5,10,0.0026198585276395073,378
col6,10,0.0026198585276395073,251
col7,10,0.0026198585276395073,107
col8,8,0.002095886822111606,58
col9,6,0.0015719151165837044,32
coleq,22,0.005763688760806916,71
colfullnames,14,0.0036678019386953103,58
collapse,2256,0.5910400838354729,31768
coln,3,7.859575582918522e-4,11
colnames,27,0.00707361802462667,224
colorpalette,6,0.0015719151165837044,35
Column,4,0.001047943411055803,11
combine,3,7.859575582918522e-4,5
compare,34,0.008907518993974326,150
compress,897,0.23500130992926382,10807
condivreg,9,0.002357872674875557,216
conf,4,0.001047943411055803,38
confirm,215,0.05632695834424941,2309
confirmdir,10,0.0026198585276395073,52
constraint,48,0.012575320932669635,1332
continue,87,0.022792769190463715,377
contract,75,0.019648938957296306,465
copy,59,0.015457165313073094,371
copydesc,7,0.0018339009693476552,114
cor,36,0.009431490699502228,261
corr,432,0.11317788839402672,2134
correl,18,0.004715745349751114,83
correlate,84,0.02200681163217186,470
corrtex,6,0.0015719151165837044,11
cou,18,0.004715745349751114,198
count,1179,0.3088813204086979,21496
counter,3,7.859575582918522e-4,4
cp,7,0.0018339009693476552,23
cpigen,3,7.859575582918522e-4,6
crash,3,7.859575582918522e-4,5
creturn,8,0.002095886822111606,53
crit=,6,0.0015719151165837044,16
cross,80,0.020958868221116058,331
cscript,3,7.859575582918522e-4,3
csipolate,5,0.0013099292638197536,10
cumul,130,0.034058160859313596,1149
cutoff,3,7.859575582918522e-4,3
d,88,0.023054755043227664,543
D,7,0.0018339009693476552,18
D2,3,7.859575582918522e-4,9
D3,3,7.859575582918522e-4,11
data,8,0.002095886822111606,23
dataout,26,0.006811632171862719,74
datasignature,9,0.002357872674875557,222
DCdensity,48,0.012575320932669635,196
de,8,0.002095886822111606,59
decode,159,0.04165575058946817,622
def013=,3,7.859575582918522e-4,3
def017=,3,7.859575582918522e-4,3
deflate,3,7.859575582918522e-4,5
des,101,0.026460571129159026,578
desc,166,0.043489651558815824,1092
descr,11,0.002881844380403458,315
describe,146,0.03824993450353681,1546
destring,1402,0.36730416557505896,21202
dfbeta,7,0.0018339009693476552,50
dfuller,6,0.0015719151165837044,97
di,1120,0.29342415509562486,37768
did,3,7.859575582918522e-4,8
did_imputation,5,0.0013099292638197536,14
did_multiplegt,11,0.002881844380403458,33
diff,6,0.0015719151165837044,85
dir,105,0.02750851454021483,399
dis,249,0.06523447733822374,2502
discard,24,0.006287660466334818,139
disp,384,0.10060256746135708,7127
display,872,0.22845166361016506,25012
displayflush,3,7.859575582918522e-4,12
distinct,107,0.02803248624574273,1528
distplot,23,0.006025674613570867,68
dmerge,4,0.001047943411055803,24
do,1227,0.3214566413413676,21596
Do,3,7.859575582918522e-4,54
DO,6,0.0015719151165837044,16
doit,5,0.0013099292638197536,38
done,3,7.859575582918522e-4,16
dpplot,3,7.859575582918522e-4,4
dprobit,136,0.035630075975897305,1669
drawnorm,24,0.006287660466334818,58
drop,3340,0.8750327482315955,318724
drop_merge,3,7.859575582918522e-4,5
dropmiss,17,0.004453759496987163,45
ds,151,0.03955986376735656,1188
dsconcat,9,0.002357872674875557,53
dta_to_txt,3,7.859575582918522e-4,11
duplicates,1133,0.2968299711815562,16739
dydx,3,7.859575582918522e-4,9
e,3,7.859575582918522e-4,9
ebalance,12,0.003143830233167409,85
ebayes,3,7.859575582918522e-4,15
eclplot,27,0.00707361802462667,118
ed,3,7.859575582918522e-4,19
edfreg,3,7.859575582918522e-4,51
edit,23,0.006025674613570867,179
Education,3,7.859575582918522e-4,23
egen,2988,0.7828137280586849,179098
else,942,0.2467906733036416,15480
encode,536,0.1404244170814776,2970
end,928,0.24312287136494629,18798
END,3,7.859575582918522e-4,3
end;,3,7.859575582918522e-4,9
endsas;,3,7.859575582918522e-4,49
env,5,0.0013099292638197536,152
eq1,3,7.859575582918522e-4,5
erase,884,0.23159549384333247,17466
ereplace,5,0.0013099292638197536,67
erepost,6,0.0015719151165837044,103
eret,26,0.006811632171862719,305
eret2,5,0.0013099292638197536,177
ereturn,153,0.040083835472884466,1301
err,4,0.001047943411055803,20
error,34,0.008907518993974326,130
est,621,0.16269321456641342,19947
est1,6,0.0015719151165837044,59
est2,6,0.0015719151165837044,53
est2rowlbl,4,0.001047943411055803,27
est2tex,14,0.0036678019386953103,86
est2vec,14,0.0036678019386953103,425
est3,3,7.859575582918522e-4,4
estadd,578,0.15142782289756354,80223
estat,167,0.04375163741157977,1792
estfe,5,0.0013099292638197536,150
estimate,34,0.008907518993974326,925
estimates,770,0.2017291066282421,26774
estout,327,0.08566937385381189,5756
estpost,439,0.11501178936337438,3131
estrat,3,7.859575582918522e-4,6
estread,5,0.0013099292638197536,127
eststo,733,0.1920356300759759,20025
esttab,1041,0.2727272727272727,18559
estwrite,6,0.0015719151165837044,83
event_plot,4,0.001047943411055803,20
eventdd,3,7.859575582918522e-4,19
eventstudy,7,0.0018339009693476552,104
eventstudyinteract,5,0.0013099292638197536,15
exit,350,0.09169504846738276,2015
exp,5,0.0013099292638197536,24
expand,548,0.14356824731464501,2599
expand=2,3,7.859575582918522e-4,25
expandcl,9,0.002357872674875557,24
Expenditure,3,7.859575582918522e-4,3
export,479,0.1254912234739324,3690
extend_main_dataset,4,0.001047943411055803,115
f,7,0.0018339009693476552,38
F,6,0.0015719151165837044,14
F1=,3,7.859575582918522e-4,5
factor,35,0.009169504846738277,154
fan_reg,4,0.001047943411055803,20
fanreg,5,0.0013099292638197536,18
fastgini,5,0.0013099292638197536,63
fastxtile,8,0.002095886822111606,66
fclose,5,0.0013099292638197536,112
fcollapse,19,0.004977731202515065,86
fdause,5,0.0013099292638197536,40
fegen,3,7.859575582918522e-4,19
felsdvreg,11,0.002881844380403458,217
female,3,7.859575582918522e-4,6
ffind,4,0.001047943411055803,4
fig1,3,7.859575582918522e-4,3
figure1,4,0.001047943411055803,4
figure2,5,0.0013099292638197536,5
figure3,3,7.859575582918522e-4,3
figure4,5,0.0013099292638197536,5
figure5,3,7.859575582918522e-4,3
file,238,0.06235263295782028,25951
filefilter,15,0.0039297877914592615,90
filelist,5,0.0013099292638197536,23
files,3,7.859575582918522e-4,4
filetk,3,7.859575582918522e-4,10
fill,5,0.0013099292638197536,27
fillin,169,0.04427560911710768,535
findfile,7,0.0018339009693476552,16
findit,4,0.001047943411055803,4
First,3,7.859575582918522e-4,5
fitstat,6,0.0015719151165837044,300
fl,3,7.859575582918522e-4,13
fmvfsl,3,7.859575582918522e-4,6
for,46,0.012051349227141734,742
For,5,0.0013099292638197536,21
foreach,2828,0.7408959916164527,134883
form,10,0.0026198585276395073,26
format,1079,0.28268273513230285,31101
forv,198,0.05187319884726225,5027
forval,675,0.17684045061566675,15283
forvalue,109,0.028556457951270632,1287
forvalues,1808,0.47367042179722296,41132
fracreg,3,7.859575582918522e-4,44
frame,14,0.0036678019386953103,327
fre,4,0.001047943411055803,79
freduse,21,0.005501702908042965,47
frget,4,0.001047943411055803,23
frmttable,31,0.008121561435682474,423
fs,12,0.003143830233167409,81
fsort,4,0.001047943411055803,20
fsum,20,0.0052397170552790145,190
ftools,4,0.001047943411055803,6
fullmeans,3,7.859575582918522e-4,14
function,8,0.002095886822111606,32
fuzzydid,3,7.859575582918522e-4,10
fvexpand,3,7.859575582918522e-4,38
fvrevar,4,0.001047943411055803,7
fvset,47,0.012313335079905684,283
g,556,0.1456641341367566,58692
G,4,0.001047943411055803,26
g_b,7,0.0018339009693476552,21
G2,3,7.859575582918522e-4,7
gamma,5,0.0013099292638197536,19
gcollapse,64,0.01676709457689285,809
gdistinct,3,7.859575582918522e-4,107
gduplicates,23,0.006025674613570867,158
ge,85,0.022268797484935814,9403
gegen,45,0.011789363374377783,690
gen,3484,0.9127587110296044,728405
gen_var,3,7.859575582918522e-4,48
gene,9,0.002357872674875557,134
gener,5,0.0013099292638197536,386
generat,7,0.0018339009693476552,37
generate,495,0.12968299711815562,16162
geo2xy,6,0.0015719151165837044,12
geodist,50,0.013099292638197537,209
geoinpoly,6,0.0015719151165837044,20
geonear,22,0.005763688760806916,35
getdata,3,7.859575582918522e-4,30
getmata,16,0.004191773644223212,154
gisid,10,0.0026198585276395073,141
gl,65,0.017029080429656798,2362
glcurve,4,0.001047943411055803,14
glevelsof,4,0.001047943411055803,36
gllamm,3,7.859575582918522e-4,18
glm,28,0.007335603877390621,292
glo,35,0.009169504846738277,1820
global,1947,0.5100864553314121,103078
globdist,3,7.859575582918522e-4,25
glu,3,7.859575582918522e-4,3
gmm,29,0.007597589730154571,313
gquantiles,10,0.0026198585276395073,58
gr,212,0.055541000785957556,1992
gr_edit,21,0.005501702908042965,1798
gr7,5,0.0013099292638197536,17
graph,2068,0.5417867435158501,39235
graph2tex,5,0.0013099292638197536,23
graph7,6,0.0015719151165837044,14
graphexportpdf,8,0.002095886822111606,79
graphregion,5,0.0013099292638197536,51
grc1leg,163,0.04270369400052397,753
grc1leg2,11,0.002881844380403458,64
greshape,6,0.0015719151165837044,82
grexportpdf,3,7.859575582918522e-4,20
grmap,4,0.001047943411055803,17
groups,4,0.001047943411055803,8
grqreg,3,7.859575582918522e-4,4
grstyle,29,0.007597589730154571,436
gsample,4,0.001047943411055803,11
gsave,5,0.0013099292638197536,38
gsort,723,0.1894157715483364,4444
gsort-,11,0.002881844380403458,28
gstats,8,0.002095886822111606,108
gtools,4,0.001047943411055803,6
gunique,10,0.0026198585276395073,44
guse,7,0.0018339009693476552,153
gzsave,3,7.859575582918522e-4,24
gzuse,4,0.001047943411055803,56
h,5,0.0013099292638197536,20
H,5,0.0013099292638197536,41
hashsort,4,0.001047943411055803,40
hausman,14,0.0036678019386953103,62
hdfe,4,0.001047943411055803,8
heading,3,7.859575582918522e-4,32
heckman,29,0.007597589730154571,177
help,6,0.0015719151165837044,119
here,3,7.859575582918522e-4,3
hist,307,0.08042965679853288,1156
histogram,199,0.0521351847000262,793
hotelling,3,7.859575582918522e-4,7
hprescott,22,0.005763688760806916,128
i,11,0.002881844380403458,19
i.year,3,7.859575582918522e-4,7
icd10,3,7.859575582918522e-4,92
icd9,8,0.002095886822111606,99
id,4,0.001047943411055803,10
iebaltab,6,0.0015719151165837044,18
if,1634,0.4280848834162955,74157
iis,52,0.013623264343725438,185
import,854,0.22373591826041395,9198
impute,8,0.002095886822111606,20
in,5,0.0013099292638197536,11
In,6,0.0015719151165837044,18
include,102,0.026722556981922975,1680
Income,4,0.001047943411055803,5
ineqdec0,5,0.0013099292638197536,26
ineqdeco,12,0.003143830233167409,128
infile,146,0.03824993450353681,1429
infix,151,0.03955986376735656,1054
inflate,3,7.859575582918522e-4,54
initialvalue=st_data,3,7.859575582918522e-4,5
input,43,0.011265391668849881,130
inputcharter,3,7.859575582918522e-4,12
insample,3,7.859575582918522e-4,6
insheet,854,0.22373591826041395,8419
insobs,16,0.004191773644223212,112
inspect,17,0.004453759496987163,67
inteff,3,7.859575582918522e-4,44
integ,5,0.0013099292638197536,20
intreg,31,0.008121561435682474,506
ipolate,106,0.027770500392978778,481
irf,12,0.003143830233167409,111
irr,4,0.001047943411055803,109
irt,3,7.859575582918522e-4,59
is,6,0.0015719151165837044,10
isid,196,0.051349227141734344,2337
isvar,4,0.001047943411055803,11
It,3,7.859575582918522e-4,6
ivhettest,4,0.001047943411055803,33
ivlasso,5,0.0013099292638197536,18
ivpoisson,6,0.0015719151165837044,79
ivprobit,25,0.006549646319098768,404
ivqte,7,0.0018339009693476552,9
ivreg,214,0.05606497249148546,4206
ivreg2,399,0.10453235525281634,8346
ivreg2hdfe,3,7.859575582918522e-4,88
ivreghdfe,71,0.018600995546240503,1344
ivregress,272,0.07126015195179461,5488
ivtobit,8,0.002095886822111606,25
j,3,7.859575582918522e-4,7
J,4,0.001047943411055803,11
jarowinkler,5,0.0013099292638197536,25
joinby,311,0.08147760020958868,3950
k,4,0.001047943411055803,15
K,4,0.001047943411055803,11
kaboom,3,7.859575582918522e-4,14
kappa,3,7.859575582918522e-4,21
kdens,4,0.001047943411055803,16
kdensity,180,0.04715745349751113,874
keep,3092,0.8100602567461357,151881
keeporder,6,0.0015719151165837044,39
kernreg,6,0.0015719151165837044,12
key,3,7.859575582918522e-4,8
kountry,8,0.002095886822111606,19
ksmirnov,99,0.025936599423631124,498
ktau,7,0.0018339009693476552,31
kwallis,6,0.0015719151165837044,44
l,39,0.010217448257794078,139
L,4,0.001047943411055803,32
L1,3,7.859575582918522e-4,6
la,237,0.062090647105056324,44663
lab,366,0.09588682211160597,19660
labdtch,3,7.859575582918522e-4,26
labe,25,0.006549646319098768,87
label,2169,0.5682473146450092,689537
label_vars,3,7.859575582918522e-4,9
labellist,3,7.859575582918522e-4,20
labmask,71,0.018600995546240503,206
lambda,3,7.859575582918522e-4,13
lasso,3,7.859575582918522e-4,13
lasso2,7,0.0018339009693476552,65
lassoClean,4,0.001047943411055803,7
lassoShooting,10,0.0026198585276395073,104
latab,4,0.001047943411055803,12
latabstat,29,0.007597589730154571,251
leebounds,18,0.004715745349751114,91
legend,6,0.0015719151165837044,95
length,4,0.001047943411055803,10
levels,19,0.004977731202515065,182
levelsof,454,0.11894157715483364,2950
lgraph,3,7.859575582918522e-4,11
li,21,0.005501702908042965,100
lincom,418,0.10951008645533142,27059
lincomest,12,0.003143830233167409,165
line,227,0.05947078857741682,995
list,744,0.19491747445637936,6324
listtab,17,0.004453759496987163,201
listtex,39,0.010217448257794078,1084
load_data,8,0.002095886822111606,39
loadglob,4,0.001047943411055803,22
loc,143,0.037463976945244955,9922
loca,14,0.0036678019386953103,25
local,2605,0.6824731464500917,323863
locpoly,4,0.001047943411055803,79
log,1946,0.5098244694786481,34730
logistic,5,0.0013099292638197536,113
logit,240,0.06287660466334818,2262
logout,3,7.859575582918522e-4,13
loneway,7,0.0018339009693476552,52
longterm_crossclass_table,3,7.859575582918522e-4,74
lookfor,11,0.002881844380403458,239
LOTr_institutional,3,7.859575582918522e-4,10
lowess,63,0.016505108724128897,277
lowrex,4,0.001047943411055803,28
lpoly,98,0.025674613570867172,812
lroc,3,7.859575582918522e-4,20
lrtest,8,0.002095886822111606,37
m,40,0.010479434110558029,165
M,3,7.859575582918522e-4,10
m1,6,0.0015719151165837044,48
m2,4,0.001047943411055803,32
m3,4,0.001047943411055803,48
m4,3,7.859575582918522e-4,42
ma,3,7.859575582918522e-4,12
mac,28,0.007335603877390621,164
macro,230,0.06025674613570867,2205
main,92,0.024102698454283467,1804
make_table,4,0.001047943411055803,16
makequint,3,7.859575582918522e-4,5
makestars,4,0.001047943411055803,282
male,6,0.0015719151165837044,18
maptile,27,0.00707361802462667,71
maptile_install,7,0.0018339009693476552,10
margeff,4,0.001047943411055803,23
margin,6,0.0015719151165837044,104
margins,251,0.06575844904375164,3599
marginsplot,32,0.008383547288446425,112
mark,22,0.005763688760806916,126
markout,32,0.008383547288446425,197
marksample,52,0.013623264343725438,249
mat,663,0.17369662038249933,40505
mat2tex,3,7.859575582918522e-4,13
mat2txt,58,0.015195179460309143,302
mat2txt2,3,7.859575582918522e-4,52
mata,117,0.030652344773382238,898
match,4,0.001047943411055803,9
matchit,3,7.859575582918522e-4,4
matewmf,3,7.859575582918522e-4,56
matlist,58,0.015195179460309143,875
matmap,10,0.0026198585276395073,82
matname,8,0.002095886822111606,77
matrix,1072,0.2808488341629552,71604
matrix_to_txt,14,0.0036678019386953103,531
matsave,6,0.0015719151165837044,21
matselrc,9,0.002357872674875557,301
matsum,3,7.859575582918522e-4,4
matwrite,3,7.859575582918522e-4,10
maxmem,5,0.0013099292638197536,120
mdesc,25,0.006549646319098768,128
mean,177,0.046371495939219284,3056
means,8,0.002095886822111606,220
median,7,0.0018339009693476552,12
memory,14,0.0036678019386953103,52
mer,3,7.859575582918522e-4,12
merge,2401,0.6290280324862457,69076
merge		1:1,3,7.859575582918522e-4,69
mergemodels,3,7.859575582918522e-4,17
mergepoly,5,0.0013099292638197536,14
mfx,82,0.02148283992664396,800
mhtexp,7,0.0018339009693476552,32
mi,16,0.004191773644223212,188
minq,4,0.001047943411055803,143
mipolate,5,0.0013099292638197536,13
missings,10,0.0026198585276395073,70
misstable,8,0.002095886822111606,21
mixlogit,4,0.001047943411055803,42
mkcorr,4,0.001047943411055803,5
mkdir,227,0.05947078857741682,2597
mkmat,191,0.05003929787791459,1651
mkspline,46,0.012051349227141734,312
mkspline2,3,7.859575582918522e-4,24
ml,40,0.010479434110558029,982
mleval,8,0.002095886822111606,173
mlexp,3,7.859575582918522e-4,9
mlogit,54,0.01414723604925334,283
mlsum,7,0.0018339009693476552,43
MM,6,0.0015719151165837044,12
mmerge,56,0.014671207754781241,1551
modl,4,0.001047943411055803,170
modltbl,3,7.859575582918522e-4,27
more,21,0.005501702908042965,338
moreobs,3,7.859575582918522e-4,19
moss,4,0.001047943411055803,134
moulton,3,7.859575582918522e-4,28
move,41,0.01074141996332198,446
mprobit,3,7.859575582918522e-4,7
mu,3,7.859575582918522e-4,5
multi_graph_export,3,7.859575582918522e-4,99
multparse,3,7.859575582918522e-4,40
mvdecode,39,0.010217448257794078,243
mvencode,60,0.015719151165837046,486
mvreg,15,0.0039297877914592615,107
mvtest,6,0.0015719151165837044,97
myboot,17,0.004453759496987163,124
mylabels,4,0.001047943411055803,11
n,36,0.009431490699502228,980
N,9,0.002357872674875557,19
nbreg,50,0.013099292638197537,530
net,136,0.035630075975897305,638
newey,54,0.01414723604925334,984
newey2,10,0.0026198585276395073,320
nl,65,0.017029080429656798,513
nlcom,173,0.04532355252816348,3553
nlogitgen,3,7.859575582918522e-4,4
nlogittree,3,7.859575582918522e-4,4
nlsur,8,0.002095886822111606,77
nmissing,3,7.859575582918522e-4,3
nnmatch,17,0.004453759496987163,136
no,3,7.859575582918522e-4,6
nobreak,3,7.859575582918522e-4,7
noi,132,0.0345821325648415,3730
nois,12,0.003143830233167409,184
noisily,231,0.06051873198847262,4777
norm,4,0.001047943411055803,13
Note,3,7.859575582918522e-4,3
notes,18,0.004715745349751114,110
nsplit,8,0.002095886822111606,23
Number,4,0.001047943411055803,13
numlabel,26,0.006811632171862719,516
numlist,11,0.002881844380403458,60
nysiis,4,0.001047943411055803,18
oaxaca,10,0.0026198585276395073,39
obs,3,7.859575582918522e-4,4
odbc,27,0.00707361802462667,251
ologit,23,0.006025674613570867,117
ols_spatial_HAC,17,0.004453759496987163,174
OMEGA_lag_pol=,6,0.0015719151165837044,16
OMEGA_lag=PHI_LAG-X_lag*betas',5,0.0013099292638197536,13
OMEGA=PHI-X*betas',5,0.0013099292638197536,13
oneway,6,0.0015719151165837044,28
oo,3,7.859575582918522e-4,13
ooo,4,0.001047943411055803,50
opreg,3,7.859575582918522e-4,4
oprobit,61,0.015981137018600995,497
optimize_init_argument,4,0.001047943411055803,65
optimize_init_evaluator,12,0.003143830233167409,48
optimize_init_evaluatortype,12,0.003143830233167409,48
optimize_init_nmsimplexdeltas,9,0.002357872674875557,35
optimize_init_params,12,0.003143830233167409,56
optimize_init_technique,9,0.002357872674875557,44
optimize_init_which,11,0.002881844380403458,46
order,1214,0.3180508252554362,13135
orth_out,7,0.0018339009693476552,17
orthpoly,3,7.859575582918522e-4,14
other,4,0.001047943411055803,8
Other,3,7.859575582918522e-4,4
Our,3,7.859575582918522e-4,3
outcome,3,7.859575582918522e-4,3
outfile,79,0.02069688236835211,627
outreg,161,0.04217972229499607,7772
outreg2,881,0.2308095362850406,46345
outsheet,617,0.16164527115535762,5233
outsum,7,0.0018339009693476552,24
outtable,55,0.01440922190201729,380
outtex,4,0.001047943411055803,24
overid,3,7.859575582918522e-4,15
p,13,0.0034058160859313596,56
P,4,0.001047943411055803,54
p=optimize,5,0.0013099292638197536,13
p1,4,0.001047943411055803,109
Panel,3,7.859575582918522e-4,12
parallel,9,0.002357872674875557,52
parmby,23,0.006025674613570867,179
parmest,108,0.02829447209850668,843
parse,4,0.001047943411055803,9
paths,11,0.002881844380403458,24
pause,266,0.0696882368352109,2427
pca,106,0.027770500392978778,661
pcorr,5,0.0013099292638197536,81
pctile,79,0.02069688236835211,527
pdslasso,10,0.0026198585276395073,162
PHI_LAG=st_data,6,0.0015719151165837044,17
PHI=st_data,7,0.0018339009693476552,22
piece,7,0.0018339009693476552,159
plausexog,9,0.002357872674875557,30
plot,5,0.0013099292638197536,8
plotbeta,3,7.859575582918522e-4,8
plotcoeffs,7,0.0018339009693476552,2511
poi2hdfe,5,0.0013099292638197536,85
poisson,72,0.018862981399004455,811
post,160,0.041917736442232116,2239
post_param,5,0.0013099292638197536,95
postclose,151,0.03955986376735656,1278
postfile,159,0.04165575058946817,1068
postutil,13,0.0034058160859313596,31
postvam_save_l2score,3,7.859575582918522e-4,17
power,5,0.0013099292638197536,46
pperron,3,7.859575582918522e-4,8
ppml,7,0.0018339009693476552,45
ppmlhdfe,12,0.003143830233167409,144
pr,7,0.0018339009693476552,220
prais,5,0.0013099292638197536,45
predict,1610,0.4217972229499607,17638
predictnl,22,0.005763688760806916,397
preliminaries,10,0.0026198585276395073,1809
prepare_data,3,7.859575582918522e-4,6
prepare_quasi,3,7.859575582918522e-4,19
preserve,1948,0.5103484411841761,32331
printf,8,0.002095886822111606,136
pro,5,0.0013099292638197536,41
prob,4,0.001047943411055803,23
probit,352,0.09221902017291066,3389
prog,109,0.028556457951270632,1073
program,875,0.2292376211684569,23226
project,7,0.0018339009693476552,1928
prop,3,7.859575582918522e-4,15
proportion,8,0.002095886822111606,1850
prtest,24,0.006287660466334818,176
prtesti,3,7.859575582918522e-4,42
psacalc,27,0.00707361802462667,320
pscore,16,0.004191773644223212,52
psmatch2,57,0.014933193607545192,286
pstar,4,0.001047943411055803,684
pstest,12,0.003143830233167409,35
putexcel,145,0.03798794865077286,7862
putmata,4,0.001047943411055803,55
pwcorr,211,0.05527901493319361,1059
pwd,29,0.007597589730154571,187
q,5,0.0013099292638197536,9
qqvalue,8,0.002095886822111606,155
qreg,103,0.026984542834686927,735
qreg2,18,0.004715745349751114,162
quantiles,5,0.0013099292638197536,125
query,8,0.002095886822111606,365
qui,291,0.07623788315430967,5731
quie,10,0.0026198585276395073,1123
quiet,58,0.015195179460309143,1812
quietly,223,0.058422845166361016,3790
quintmeans,3,7.859575582918522e-4,29
r,5,0.0013099292638197536,15
randcmd,9,0.002357872674875557,218
range,12,0.003143830233167409,103
rangejoin,3,7.859575582918522e-4,3
rangestat,4,0.001047943411055803,27
ranksum,83,0.021744825779407912,1486
ranksumex,3,7.859575582918522e-4,57
rcof,3,7.859575582918522e-4,9
rd,14,0.0036678019386953103,142
rdbwselect,27,0.00707361802462667,284
rddensity,16,0.004191773644223212,30
rdob,3,7.859575582918522e-4,41
rdob_mod2,3,7.859575582918522e-4,16
rdplot,20,0.0052397170552790145,470
rdrobust,56,0.014671207754781241,1647
readin,3,7.859575582918522e-4,16
real,18,0.004715745349751114,268
recast,90,0.023578726748755566,369
reclink,16,0.004191773644223212,42
reclink2,5,0.0013099292638197536,10
recode,570,0.14933193607545192,13179
Reduced,3,7.859575582918522e-4,3
reg,2727,0.7144354204872937,102465
reg2,3,7.859575582918522e-4,18
reg2hdfe,12,0.003143830233167409,129
reg2hdfespatial,20,0.0052397170552790145,272
reg3,14,0.0036678019386953103,29
reghdfe,488,0.12784909614880796,19984
regr,20,0.0052397170552790145,291
regress,480,0.12575320932669637,9157
regressions,5,0.0013099292638197536,15
regs,8,0.002095886822111606,162
regsave,64,0.01676709457689285,941
regsave_tbl,3,7.859575582918522e-4,120
relogit,3,7.859575582918522e-4,7
ren,636,0.16662300235787267,44379
renam,7,0.0018339009693476552,16
rename,2393,0.6269321456641341,214811
renames,3,7.859575582918522e-4,9
renpfix,89,0.023316740895991617,798
rensfix,10,0.0026198585276395073,149
renvarlab,5,0.0013099292638197536,198
renvars,65,0.017029080429656798,777
replace,3447,0.9030652344773382,1156878
res,4,0.001047943411055803,6
reshape,1575,0.4126277181032224,12877
residualize,3,7.859575582918522e-4,31
restore,1931,0.5058946816871889,32671
results,3,7.859575582918522e-4,4
ret,13,0.0034058160859313596,34
return,284,0.07440398218496201,4885
revrs,4,0.001047943411055803,112
rifreg,6,0.0015719151165837044,62
rlasso,9,0.002357872674875557,337
rm,191,0.05003929787791459,2838
rmdir,17,0.004453759496987163,489
robreg,4,0.001047943411055803,32
roccomp,4,0.001047943411055803,20
roctab,6,0.0015719151165837044,107
rologit,4,0.001047943411055803,53
rotate,16,0.004191773644223212,102
rowfullnames,7,0.0018339009693476552,41
rown,3,7.859575582918522e-4,12
rownames,24,0.006287660466334818,120
rowranks,3,7.859575582918522e-4,12
rowsort,8,0.002095886822111606,12
rreg,20,0.0052397170552790145,69
rreg2,3,7.859575582918522e-4,83
rscript,7,0.0018339009693476552,30
run,126,0.03301021744825779,1509
run_regs,4,0.001047943411055803,7
runchecks,5,0.0013099292638197536,120
runme,7,0.0018339009693476552,61
running,5,0.0013099292638197536,21
runreg,6,0.0015719151165837044,200
runregs,3,7.859575582918522e-4,23
rwolf,7,0.0018339009693476552,43
s,3,7.859575582918522e-4,34
S,9,0.002357872674875557,29
S=optimize_init,7,0.0018339009693476552,25
sa,72,0.018862981399004455,2408
Same,3,7.859575582918522e-4,3
sample,62,0.016243122871364948,187
sample_restrictions,4,0.001047943411055803,4
save,2676,0.7010741419963322,106855
save_data,11,0.002881844380403458,497
saveold,253,0.06628242074927954,2871
savereg,3,7.859575582918522e-4,315
savesome,4,0.001047943411055803,5
sc,6,0.0015719151165837044,27
sca,53,0.013885250196489389,3090
scal,3,7.859575582918522e-4,21
scalar,690,0.18077023840712603,35792
scalarout,3,7.859575582918522e-4,64
scatter,357,0.09352894943673042,1934
screeplot,3,7.859575582918522e-4,4
sdtest,13,0.0034058160859313596,53
se,5,0.0013099292638197536,13
See,8,0.002095886822111606,16
seeout,5,0.0013099292638197536,24
select_observations,4,0.001047943411055803,805
sem,3,7.859575582918522e-4,11
semipar,6,0.0015719151165837044,21
sencode,8,0.002095886822111606,34
separate,30,0.007859575582918523,83
seq,4,0.001047943411055803,12
serrbar,21,0.005501702908042965,62
serset,5,0.0013099292638197536,51
set,3271,0.8569557243908829,60186
setup_data,5,0.0013099292638197536,579
setup_dataset,4,0.001047943411055803,209
setup_import_dataset,4,0.001047943411055803,115
setup_main_dataset,4,0.001047943411055803,345
setup_using_datasets,4,0.001047943411055803,115
sex,4,0.001047943411055803,7
sgini,3,7.859575582918522e-4,14
sh,8,0.002095886822111606,168
Sharpened,10,0.0026198585276395073,10
shell,100,0.026198585276395073,632
shp2dta,67,0.0175530521351847,138
shufflevar,4,0.001047943411055803,13
sig_p,3,7.859575582918522e-4,198
signrank,35,0.009169504846738277,690
signtest,6,0.0015719151165837044,129
sigstar,4,0.001047943411055803,672
sktest,4,0.001047943411055803,20
sleep,69,0.0180770238407126,729
snapshot,16,0.004191773644223212,201
so,68,0.017815037987948652,1535
social,3,7.859575582918522e-4,16
sor,8,0.002095886822111606,54
sort,2744,0.7188891799842808,92910
sortedby,3,7.859575582918522e-4,9
sortobs,3,7.859575582918522e-4,5
spatgsa,4,0.001047943411055803,6
spatreg,3,7.859575582918522e-4,539
spatwmat,6,0.0015719151165837044,17
spearman,53,0.013885250196489389,235
spec1b,3,7.859575582918522e-4,14
spec2,3,7.859575582918522e-4,17
spec2b,3,7.859575582918522e-4,14
spec3,3,7.859575582918522e-4,17
spec3b,3,7.859575582918522e-4,11
spec4,3,7.859575582918522e-4,9
sphdist,7,0.0018339009693476552,25
split,250,0.06549646319098769,1368
splitvallabels,3,7.859575582918522e-4,8
spmap,114,0.029866387215090384,343
spmat,5,0.0013099292638197536,47
spread,3,7.859575582918522e-4,17
spreg,3,7.859575582918522e-4,18
sqreg,13,0.0034058160859313596,35
sreturn,5,0.0013099292638197536,24
ss,5,0.0013099292638197536,15
ssaggregate,5,0.0013099292638197536,8
ssc,431,0.11291590254126277,1837
st,3,7.859575582918522e-4,3
st_addobs,5,0.0013099292638197536,16
st_addvar,5,0.0013099292638197536,96
st_dropvar,3,7.859575582918522e-4,17
st_local,11,0.002881844380403458,110
st_matrix,70,0.018339009693476554,435
st_numscalar,12,0.003143830233167409,54
st_rclear,4,0.001047943411055803,7
st_replacematrix,4,0.001047943411055803,25
st_store,23,0.006025674613570867,175
st_view,14,0.0036678019386953103,420
stack,31,0.008121561435682474,159
Standard,3,7.859575582918522e-4,6
stars,6,0.0015719151165837044,113
stata,7,0.0018339009693476552,53
statastates,21,0.005501702908042965,83
state,3,7.859575582918522e-4,3
stats,5,0.0013099292638197536,9
statsby,7,0.0018339009693476552,53
statsmat,14,0.0036678019386953103,434
stcmd,3,7.859575582918522e-4,7
stcox,56,0.014671207754781241,536
stcurve,5,0.0013099292638197536,14
stddiff,7,0.0018339009693476552,38
stepdown,3,7.859575582918522e-4,36
stop,68,0.017815037987948652,158
STOP,19,0.004977731202515065,56
store,3,7.859575582918522e-4,19
strdist,5,0.0013099292638197536,12
streg,19,0.004977731202515065,190
strgroup,3,7.859575582918522e-4,3
string,8,0.002095886822111606,16
stripplot,3,7.859575582918522e-4,5
sts,31,0.008121561435682474,315
stset,80,0.020958868221116058,307
stsplit,8,0.002095886822111606,19
su,596,0.15614356824731465,21373
subinstr,49,0.012837306785433586,333
suest,171,0.044799580822635576,1256
sum,2355,0.616976683259104,74889
summ,595,0.1558815823945507,19024
summarize,292,0.07649986900707362,5467
sureg,40,0.010479434110558029,209
sutex,45,0.011789363374377783,158
sutex2,7,0.0018339009693476552,33
svmat,596,0.15614356824731465,6731
svmat2,14,0.0036678019386953103,253
svyset,77,0.020172910662824207,430
swilk,3,7.859575582918522e-4,6
sxpose,27,0.00707361802462667,140
syntax,270,0.0707361802462667,3332
synth,29,0.007597589730154571,119
sysdir,69,0.0180770238407126,234
sysuse,8,0.002095886822111606,81
t,6,0.0015719151165837044,8
ta,124,0.032486245742729895,2739
tab,2331,0.6106890227927692,62273
tab1,58,0.015195179460309143,371
tab2,20,0.0052397170552790145,289
tab2xl,3,7.859575582918522e-4,16
tab4,3,7.859575582918522e-4,27
tabdisp,5,0.0013099292638197536,35
tabexport,5,0.0013099292638197536,13
tabi,4,0.001047943411055803,213
table,444,0.11632171862719413,4978
Table,5,0.0013099292638197536,8
table1,10,0.0026198585276395073,10
Table1,4,0.001047943411055803,4
table2,6,0.0015719151165837044,6
Table2,3,7.859575582918522e-4,3
table3,8,0.002095886822111606,9
Table3,4,0.001047943411055803,12
table4,8,0.002095886822111606,15
Table4,3,7.859575582918522e-4,3
table5,6,0.0015719151165837044,13
table6,7,0.0018339009693476552,11
table7,5,0.0013099292638197536,14
table8,3,7.859575582918522e-4,11
tabm,3,7.859575582918522e-4,12
tabmiss,7,0.0018339009693476552,40
tabout,44,0.011527377521613832,910
tabstat,609,0.159549384333246,6163
tabstatmat,14,0.0036678019386953103,195
tabulate,237,0.062090647105056324,11518
taxsim9,9,0.002357872674875557,56
te,3,7.859575582918522e-4,21
teffects,15,0.0039297877914592615,140
temp,4,0.001047943411055803,171
tempfile,922,0.2415509562483626,21011
tempname,182,0.047681425203039036,1599
tempvar,250,0.06549646319098769,1686
test,1104,0.2892323814514016,21852
testbad,4,0.001047943411055803,2857
testgood,4,0.001047943411055803,9262
testnl,29,0.007597589730154571,294
testparm,184,0.048205396908566935,4825
tex,11,0.002881844380403458,3378
texdoc,14,0.0036678019386953103,303
texsave,22,0.005763688760806916,139
the,12,0.003143830233167409,30
The,20,0.0052397170552790145,106
these,3,7.859575582918522e-4,3
theta,3,7.859575582918522e-4,15
this,5,0.0013099292638197536,15
This,13,0.0034058160859313596,63
time,5,0.0013099292638197536,18
timer,110,0.02881844380403458,2545
tis,22,0.005763688760806916,55
title,10,0.0026198585276395073,58
to,3,7.859575582918522e-4,6
tobit,87,0.022792769190463715,568
tokenize,124,0.032486245742729895,675
tolower,5,0.0013099292638197536,63
tomode,3,7.859575582918522e-4,7
tostring,690,0.18077023840712603,6707
total,29,0.007597589730154571,284
Total,3,7.859575582918522e-4,9
translate,24,0.006287660466334818,82
traveltime3,4,0.001047943411055803,7
treatment,3,7.859575582918522e-4,6
trim,3,7.859575582918522e-4,4
trim_tails,3,7.859575582918522e-4,28
truncreg,4,0.001047943411055803,23
tsappend,10,0.0026198585276395073,14
tset,16,0.004191773644223212,42
tsfill,197,0.0516112129944983,582
tsfilter,27,0.00707361802462667,115
tsline,54,0.01414723604925334,184
tsset,863,0.2260937909352895,5559
tssmooth,54,0.01414723604925334,357
tsspell,15,0.0039297877914592615,60
ttable2,3,7.859575582918522e-4,4
ttest,408,0.1068902279276919,5330
ttesti,15,0.0039297877914592615,181
tuples,3,7.859575582918522e-4,4
tw,167,0.04375163741157977,1597
two,26,0.006811632171862719,221
twostepweakiv,3,7.859575582918522e-4,14
twoway,1779,0.4660728320670684,18346
twoway__histogram_gen,23,0.006025674613570867,3880
type,30,0.007859575582918523,288
u,164,0.04296567985328792,4051
U,6,0.0015719151165837044,9636
U.S.,3,7.859575582918522e-4,5
unicode,5,0.0013099292638197536,50
unique,187,0.04899135446685879,3660
univar,8,0.002095886822111606,81
unzipfile,18,0.004715745349751114,44
us,3,7.859575582918522e-4,67
use,3620,0.9483887870055017,121901
use13,3,7.859575582918522e-4,4
usespss,4,0.001047943411055803,9
using,11,0.002881844380403458,42
V,9,0.002357872674875557,33
vallist,5,0.0013099292638197536,12
value,14,0.0036678019386953103,25
vam,6,0.0015719151165837044,53
var,116,0.030390358920618286,938
variable,249,0.06523447733822374,1518
varlist,7,0.0018339009693476552,19
varsoc,5,0.0013099292638197536,33
varstable,4,0.001047943411055803,33
vce2way,3,7.859575582918522e-4,137
version,566,0.14828399266439612,5819
Version,3,7.859575582918522e-4,8
view,6,0.0015719151165837044,7
vincenty,13,0.0034058160859313596,23
void,31,0.008121561435682474,145
vselect,3,7.859575582918522e-4,15
w,7,0.0018339009693476552,16
W,4,0.001047943411055803,8
W=I,3,7.859575582918522e-4,15
weakiv,8,0.002095886822111606,179
weakivtest,11,0.002881844380403458,56
webuse,4,0.001047943411055803,15
weights,8,0.002095886822111606,38
which,92,0.024102698454283467,335
while,490,0.12837306785433586,4801
window,27,0.00707361802462667,301
winexec,4,0.001047943411055803,23
winsor,86,0.022530783337699763,519
winsor2,53,0.013885250196489389,335
with,3,7.859575582918522e-4,10
word,290,0.07597589730154572,4850
writeln,9,0.002357872674875557,2220
wyoung,8,0.002095886822111606,36
x,10,0.0026198585276395073,44
X,6,0.0015719151165837044,13
x_gmm,5,0.0013099292638197536,18
X_lag=st_data,6,0.0015719151165837044,17
x_ols,17,0.004453759496987163,256
x_ols2,3,7.859575582918522e-4,24
X=,3,7.859575582918522e-4,10
X=st_data,7,0.0018339009693476552,18
xcollapse,3,7.859575582918522e-4,10
xfill,11,0.002881844380403458,449
xi,426,0.11160597327744302,3451
XI=OMEGA-OMEGA_lag_pol*g_b,6,0.0015719151165837044,16
xlabel,4,0.001047943411055803,7
xline,3,7.859575582918522e-4,33
xml_tab,31,0.008121561435682474,582
xmlsave,10,0.0026198585276395073,37
xpose,116,0.030390358920618286,570
xsvmat,5,0.0013099292638197536,54
xtabond,9,0.002357872674875557,35
xtabond2,31,0.008121561435682474,545
xtdata,5,0.0013099292638197536,88
xtdes,15,0.0039297877914592615,127
xtdescribe,5,0.0013099292638197536,54
xtdpdsys,4,0.001047943411055803,59
xtgls,5,0.0013099292638197536,163
xtile,556,0.1456641341367566,3295
xtitle,4,0.001047943411055803,54
xtivreg,54,0.01414723604925334,502
xtivreg2,159,0.04165575058946817,5080
xtline,19,0.004977731202515065,70
xtlogit,33,0.008645533141210375,280
xtlsdvc,3,7.859575582918522e-4,11
xtnbreg,12,0.003143830233167409,100
xtoverid,4,0.001047943411055803,5
xtpcse,4,0.001047943411055803,83
xtpoisson,30,0.007859575582918523,298
xtpqml,11,0.002881844380403458,64
xtprobit,16,0.004191773644223212,473
xtreg,639,0.16740895991616453,14851
xtregar,6,0.0015719151165837044,180
xtscc,13,0.0034058160859313596,301
xtserial,3,7.859575582918522e-4,5
xtset,874,0.22897563531569295,6204
xtsum,32,0.008383547288446425,169
xttab,5,0.0013099292638197536,87
xttobit,7,0.0018339009693476552,43
xtunitroot,5,0.0013099292638197536,32
xx,3,7.859575582918522e-4,35
xxx,3,7.859575582918522e-4,3
y,7,0.0018339009693476552,24
Y=st_data,5,0.0013099292638197536,17
yaml,3,7.859575582918522e-4,64
year,6,0.0015719151165837044,17
ylabel,3,7.859575582918522e-4,6
ytitle,4,0.001047943411055803,8
Z=,3,7.859575582918522e-4,8
Z=st_data,6,0.0015719151165837044,17
zinb,3,7.859575582918522e-4,12
zip,5,0.0013099292638197536,41
zipfile,5,0.0013099292638197536,39
zscore,10,0.0026198585276395073,286
ztree2stata,6,0.0015719151165837044,115
